date,age,gender,ads,unique_campaigns,impressions,clicks,spent,total_conversion,approved_conversion,revenue,ctr,conversion_rate,cpc,cpa,roas,segment_level,trend_keyword,search_interest
2017-08-17,30-34,F,8,1,739527,115,177.529997943,14,4,80.0,0.00015550480239396263,0.034782608695652174,1.5437391125478261,44.38249948575,0.45062806808394035,age_gender,fashion,89
2017-08-17,30-34,F,8,1,739527,115,177.529997943,14,4,80.0,0.00015550480239396263,0.034782608695652174,1.5437391125478261,44.38249948575,0.45062806808394035,age_gender,fitness,90
2017-08-17,30-34,F,8,1,739527,115,177.529997943,14,4,80.0,0.00015550480239396263,0.034782608695652174,1.5437391125478261,44.38249948575,0.45062806808394035,age_gender,grocery,71
2017-08-17,30-34,F,8,1,739527,115,177.529997943,14,4,80.0,0.00015550480239396263,0.034782608695652174,1.5437391125478261,44.38249948575,0.45062806808394035,age_gender,skin care,100
2017-08-17,30-34,M,8,1,60873,9,12.079999895,10,4,80.0,0.00014784879996057365,0.4444444444444444,1.3422222105555557,3.01999997375,6.622516613854656,age_gender,fashion,89
2017-08-17,30-34,M,8,1,60873,9,12.079999895,10,4,80.0,0.00014784879996057365,0.4444444444444444,1.3422222105555557,3.01999997375,6.622516613854656,age_gender,fitness,90
2017-08-17,30-34,M,8,1,60873,9,12.079999895,10,4,80.0,0.00014784879996057365,0.4444444444444444,1.3422222105555557,3.01999997375,6.622516613854656,age_gender,grocery,71
2017-08-17,30-34,M,8,1,60873,9,12.079999895,10,4,80.0,0.00014784879996057365,0.4444444444444444,1.3422222105555557,3.01999997375,6.622516613854656,age_gender,skin care,100
2017-08-17,35-39,F,12,0,4938869,921,1316.190000992,62,17,340.0,0.0001864799410553307,0.018458197611292075,1.4290879489598263,77.42294123482353,0.25832136678119816,age_gender,fashion,89
2017-08-17,35-39,F,12,0,4938869,921,1316.190000992,62,17,340.0,0.0001864799410553307,0.018458197611292075,1.4290879489598263,77.42294123482353,0.25832136678119816,age_gender,fitness,90
2017-08-17,35-39,F,12,0,4938869,921,1316.190000992,62,17,340.0,0.0001864799410553307,0.018458197611292075,1.4290879489598263,77.42294123482353,0.25832136678119816,age_gender,grocery,71
2017-08-17,35-39,F,12,0,4938869,921,1316.190000992,62,17,340.0,0.0001864799410553307,0.018458197611292075,1.4290879489598263,77.42294123482353,0.25832136678119816,age_gender,skin care,100
2017-08-17,35-39,M,2,1,8554,2,2.609999895,2,1,20.0,0.00023380874444704232,0.5,1.3049999475,2.609999895,7.662835557317139,age_gender,fashion,89
2017-08-17,35-39,M,2,1,8554,2,2.609999895,2,1,20.0,0.00023380874444704232,0.5,1.3049999475,2.609999895,7.662835557317139,age_gender,fitness,90
2017-08-17,35-39,M,2,1,8554,2,2.609999895,2,1,20.0,0.00023380874444704232,0.5,1.3049999475,2.609999895,7.662835557317139,age_gender,grocery,71
2017-08-17,35-39,M,2,1,8554,2,2.609999895,2,1,20.0,0.00023380874444704232,0.5,1.3049999475,2.609999895,7.662835557317139,age_gender,skin care,100
2017-08-17,40-44,F,19,0,9337460,2156,3070.4099821,124,37,740.0,0.00023089791013830314,0.017161410018552876,1.4241233683209646,82.98405357027028,0.2410101596575317,age_gender,fashion,89
2017-08-17,40-44,F,19,0,9337460,2156,3070.4099821,124,37,740.0,0.00023089791013830314,0.017161410018552876,1.4241233683209646,82.98405357027028,0.2410101596575317,age_gender,fitness,90
2017-08-17,40-44,F,19,0,9337460,2156,3070.4099821,124,37,740.0,0.00023089791013830314,0.017161410018552876,1.4241233683209646,82.98405357027028,0.2410101596575317,age_gender,grocery,71
2017-08-17,40-44,F,19,0,9337460,2156,3070.4099821,124,37,740.0,0.00023089791013830314,0.017161410018552876,1.4241233683209646,82.98405357027028,0.2410101596575317,age_gender,skin care,100
2017-08-17,45-49,F,2,0,1303414,249,364.3199992,13,4,80.0,0.00019103676959124268,0.01606425702811245,1.4631325269076305,91.0799998,0.21958717659110052,age_gender,fashion,89
2017-08-17,45-49,F,2,0,1303414,249,364.3199992,13,4,80.0,0.00019103676959124268,0.01606425702811245,1.4631325269076305,91.0799998,0.21958717659110052,age_gender,fitness,90
2017-08-17,45-49,F,2,0,1303414,249,364.3199992,13,4,80.0,0.00019103676959124268,0.01606425702811245,1.4631325269076305,91.0799998,0.21958717659110052,age_gender,grocery,71
2017-08-17,45-49,F,2,0,1303414,249,364.3199992,13,4,80.0,0.00019103676959124268,0.01606425702811245,1.4631325269076305,91.0799998,0.21958717659110052,age_gender,skin care,100
2017-08-17,45-49,M,3,1,51689,14,18.82000017,3,1,20.0,0.00027085066455145195,0.07142857142857142,1.3442857264285715,18.82000017,1.0626992465112182,age_gender,fashion,89
2017-08-17,45-49,M,3,1,51689,14,18.82000017,3,1,20.0,0.00027085066455145195,0.07142857142857142,1.3442857264285715,18.82000017,1.0626992465112182,age_gender,fitness,90
2017-08-17,45-49,M,3,1,51689,14,18.82000017,3,1,20.0,0.00027085066455145195,0.07142857142857142,1.3442857264285715,18.82000017,1.0626992465112182,age_gender,grocery,71
2017-08-17,45-49,M,3,1,51689,14,18.82000017,3,1,20.0,0.00027085066455145195,0.07142857142857142,1.3442857264285715,18.82000017,1.0626992465112182,age_gender,skin care,100
2017-08-18,30-34,F,16,2,1955102,294,422.099999866,56,20,400.0,0.0001503757860203713,0.06802721088435375,1.4357142852585034,21.1049999933,0.9476427389883537,age_gender,fashion,90
2017-08-18,30-34,F,16,2,1955102,294,422.099999866,56,20,400.0,0.0001503757860203713,0.06802721088435375,1.4357142852585034,21.1049999933,0.9476427389883537,age_gender,fitness,84
2017-08-18,30-34,F,16,2,1955102,294,422.099999866,56,20,400.0,0.0001503757860203713,0.06802721088435375,1.4357142852585034,21.1049999933,0.9476427389883537,age_gender,grocery,76
2017-08-18,30-34,F,16,2,1955102,294,422.099999866,56,20,400.0,0.0001503757860203713,0.06802721088435375,1.4357142852585034,21.1049999933,0.9476427389883537,age_gender,skin care,90
2017-08-18,30-34,M,19,1,70843,13,15.940000162,24,8,160.0,0.00018350436881554987,0.6153846153846154,1.2261538586153846,1.99250002025,10.037641052315065,age_gender,fashion,90
2017-08-18,30-34,M,19,1,70843,13,15.940000162,24,8,160.0,0.00018350436881554987,0.6153846153846154,1.2261538586153846,1.99250002025,10.037641052315065,age_gender,fitness,84
2017-08-18,30-34,M,19,1,70843,13,15.940000162,24,8,160.0,0.00018350436881554987,0.6153846153846154,1.2261538586153846,1.99250002025,10.037641052315065,age_gender,grocery,76
2017-08-18,30-34,M,19,1,70843,13,15.940000162,24,8,160.0,0.00018350436881554987,0.6153846153846154,1.2261538586153846,1.99250002025,10.037641052315065,age_gender,skin care,90
2017-08-18,35-39,F,21,1,5921374,1048,1547.069993184,75,24,480.0,0.00017698594954481848,0.022900763358778626,1.4762118255572518,64.461249716,0.3102639196124021,age_gender,fashion,90
2017-08-18,35-39,F,21,1,5921374,1048,1547.069993184,75,24,480.0,0.00017698594954481848,0.022900763358778626,1.4762118255572518,64.461249716,0.3102639196124021,age_gender,fitness,84
2017-08-18,35-39,F,21,1,5921374,1048,1547.069993184,75,24,480.0,0.00017698594954481848,0.022900763358778626,1.4762118255572518,64.461249716,0.3102639196124021,age_gender,grocery,76
2017-08-18,35-39,F,21,1,5921374,1048,1547.069993184,75,24,480.0,0.00017698594954481848,0.022900763358778626,1.4762118255572518,64.461249716,0.3102639196124021,age_gender,skin care,90
2017-08-18,35-39,M,13,2,75530,15,21.179999947,14,3,60.0,0.00019859658413875282,0.2,1.4119999964666665,7.059999982333333,2.8328611968905406,age_gender,fashion,90
2017-08-18,35-39,M,13,2,75530,15,21.179999947,14,3,60.0,0.00019859658413875282,0.2,1.4119999964666665,7.059999982333333,2.8328611968905406,age_gender,fitness,84
2017-08-18,35-39,M,13,2,75530,15,21.179999947,14,3,60.0,0.00019859658413875282,0.2,1.4119999964666665,7.059999982333333,2.8328611968905406,age_gender,grocery,76
2017-08-18,35-39,M,13,2,75530,15,21.179999947,14,3,60.0,0.00019859658413875282,0.2,1.4119999964666665,7.059999982333333,2.8328611968905406,age_gender,skin care,90
2017-08-18,40-44,F,9,1,1545055,333,479.59999652700003,20,4,80.0,0.00021552630812495349,0.012012012012012012,1.440240229810811,119.89999913175001,0.16680567260074247,age_gender,fashion,90
2017-08-18,40-44,F,9,1,1545055,333,479.59999652700003,20,4,80.0,0.00021552630812495349,0.012012012012012012,1.440240229810811,119.89999913175001,0.16680567260074247,age_gender,fitness,84
2017-08-18,40-44,F,9,1,1545055,333,479.59999652700003,20,4,80.0,0.00021552630812495349,0.012012012012012012,1.440240229810811,119.89999913175001,0.16680567260074247,age_gender,grocery,76
2017-08-18,40-44,F,9,1,1545055,333,479.59999652700003,20,4,80.0,0.00021552630812495349,0.012012012012012012,1.440240229810811,119.89999913175001,0.16680567260074247,age_gender,skin care,90
2017-08-18,40-44,M,8,2,837681,137,221.389998438,13,5,100.0,0.00016354674392758103,0.0364963503649635,1.615985390058394,44.2779996876,0.45169158817264676,age_gender,fashion,90
2017-08-18,40-44,M,8,2,837681,137,221.389998438,13,5,100.0,0.00016354674392758103,0.0364963503649635,1.615985390058394,44.2779996876,0.45169158817264676,age_gender,fitness,84
2017-08-18,40-44,M,8,2,837681,137,221.389998438,13,5,100.0,0.00016354674392758103,0.0364963503649635,1.615985390058394,44.2779996876,0.45169158817264676,age_gender,grocery,76
2017-08-18,40-44,M,8,2,837681,137,221.389998438,13,5,100.0,0.00016354674392758103,0.0364963503649635,1.615985390058394,44.2779996876,0.45169158817264676,age_gender,skin care,90
2017-08-18,45-49,F,10,1,437689,142,199.79999973,16,4,80.0,0.00032443127426094785,0.028169014084507043,1.4070422516197183,49.9499999325,0.40040040094148205,age_gender,fashion,90
2017-08-18,45-49,F,10,1,437689,142,199.79999973,16,4,80.0,0.00032443127426094785,0.028169014084507043,1.4070422516197183,49.9499999325,0.40040040094148205,age_gender,fitness,84
2017-08-18,45-49,F,10,1,437689,142,199.79999973,16,4,80.0,0.00032443127426094785,0.028169014084507043,1.4070422516197183,49.9499999325,0.40040040094148205,age_gender,grocery,76
2017-08-18,45-49,F,10,1,437689,142,199.79999973,16,4,80.0,0.00032443127426094785,0.028169014084507043,1.4070422516197183,49.9499999325,0.40040040094148205,age_gender,skin care,90
2017-08-18,45-49,M,13,1,2842270,583,933.530002729,25,5,100.0,0.00020511774039763992,0.008576329331046312,1.6012521487632934,186.7060005458,0.10712028505529414,age_gender,fashion,90
2017-08-18,45-49,M,13,1,2842270,583,933.530002729,25,5,100.0,0.00020511774039763992,0.008576329331046312,1.6012521487632934,186.7060005458,0.10712028505529414,age_gender,fitness,84
2017-08-18,45-49,M,13,1,2842270,583,933.530002729,25,5,100.0,0.00020511774039763992,0.008576329331046312,1.6012521487632934,186.7060005458,0.10712028505529414,age_gender,grocery,76
2017-08-18,45-49,M,13,1,2842270,583,933.530002729,25,5,100.0,0.00020511774039763992,0.008576329331046312,1.6012521487632934,186.7060005458,0.10712028505529414,age_gender,skin care,90
2017-08-19,30-34,F,12,1,162528,30,41.600000143,19,10,200.0,0.0001845835794447726,0.3333333333333333,1.3866666714333333,4.1600000143,4.807692291165865,age_gender,fashion,100
2017-08-19,30-34,F,12,1,162528,30,41.600000143,19,10,200.0,0.0001845835794447726,0.3333333333333333,1.3866666714333333,4.1600000143,4.807692291165865,age_gender,fitness,90
2017-08-19,30-34,F,12,1,162528,30,41.600000143,19,10,200.0,0.0001845835794447726,0.3333333333333333,1.3866666714333333,4.1600000143,4.807692291165865,age_gender,grocery,96
2017-08-19,30-34,F,12,1,162528,30,41.600000143,19,10,200.0,0.0001845835794447726,0.3333333333333333,1.3866666714333333,4.1600000143,4.807692291165865,age_gender,skin care,84
2017-08-19,30-34,M,9,2,1693328,231,407.700000952,39,11,220.0,0.00013641775249685826,0.047619047619047616,1.764935069056277,37.06363645018182,0.5396124588822393,age_gender,fashion,100
2017-08-19,30-34,M,9,2,1693328,231,407.700000952,39,11,220.0,0.00013641775249685826,0.047619047619047616,1.764935069056277,37.06363645018182,0.5396124588822393,age_gender,fitness,90
2017-08-19,30-34,M,9,2,1693328,231,407.700000952,39,11,220.0,0.00013641775249685826,0.047619047619047616,1.764935069056277,37.06363645018182,0.5396124588822393,age_gender,grocery,96
2017-08-19,30-34,M,9,2,1693328,231,407.700000952,39,11,220.0,0.00013641775249685826,0.047619047619047616,1.764935069056277,37.06363645018182,0.5396124588822393,age_gender,skin care,84
2017-08-19,35-39,F,22,1,4743840,934,1379.929991822,52,14,280.0,0.00019688691018246822,0.014989293361884369,1.4774411047344753,98.5664279872857,0.20290884440470788,age_gender,fashion,100
2017-08-19,35-39,F,22,1,4743840,934,1379.929991822,52,14,280.0,0.00019688691018246822,0.014989293361884369,1.4774411047344753,98.5664279872857,0.20290884440470788,age_gender,fitness,90
2017-08-19,35-39,F,22,1,4743840,934,1379.929991822,52,14,280.0,0.00019688691018246822,0.014989293361884369,1.4774411047344753,98.5664279872857,0.20290884440470788,age_gender,grocery,96
2017-08-19,35-39,F,22,1,4743840,934,1379.929991822,52,14,280.0,0.00019688691018246822,0.014989293361884369,1.4774411047344753,98.5664279872857,0.20290884440470788,age_gender,skin care,84
2017-08-19,40-44,F,16,1,1278912,278,410.180002596,33,11,220.0,0.00021737226642646248,0.039568345323741004,1.47546763523741,37.28909114509091,0.5363498917734547,age_gender,fashion,100
2017-08-19,40-44,F,16,1,1278912,278,410.180002596,33,11,220.0,0.00021737226642646248,0.039568345323741004,1.47546763523741,37.28909114509091,0.5363498917734547,age_gender,fitness,90
2017-08-19,40-44,F,16,1,1278912,278,410.180002596,33,11,220.0,0.00021737226642646248,0.039568345323741004,1.47546763523741,37.28909114509091,0.5363498917734547,age_gender,grocery,96
2017-08-19,40-44,F,16,1,1278912,278,410.180002596,33,11,220.0,0.00021737226642646248,0.039568345323741004,1.47546763523741,37.28909114509091,0.5363498917734547,age_gender,skin care,84
2017-08-19,40-44,M,19,3,3213542,567,862.629999081,27,9,180.0,0.00017644082448587883,0.015873015873015872,1.5213932964391534,95.84777767566668,0.20866420156006907,age_gender,fashion,100
2017-08-19,40-44,M,19,3,3213542,567,862.629999081,27,9,180.0,0.00017644082448587883,0.015873015873015872,1.5213932964391534,95.84777767566668,0.20866420156006907,age_gender,fitness,90
2017-08-19,40-44,M,19,3,3213542,567,862.629999081,27,9,180.0,0.00017644082448587883,0.015873015873015872,1.5213932964391534,95.84777767566668,0.20866420156006907,age_gender,grocery,96
2017-08-19,40-44,M,19,3,3213542,567,862.629999081,27,9,180.0,0.00017644082448587883,0.015873015873015872,1.5213932964391534,95.84777767566668,0.20866420156006907,age_gender,skin care,84
2017-08-19,45-49,F,13,1,5633973,1186,1690.3499917,66,19,380.0,0.00021050864106022518,0.016020236087689713,1.4252529440978077,88.9657890368421,0.22480551475486485,age_gender,fashion,100
2017-08-19,45-49,F,13,1,5633973,1186,1690.3499917,66,19,380.0,0.00021050864106022518,0.016020236087689713,1.4252529440978077,88.9657890368421,0.22480551475486485,age_gender,fitness,90
2017-08-19,45-49,F,13,1,5633973,1186,1690.3499917,66,19,380.0,0.00021050864106022518,0.016020236087689713,1.4252529440978077,88.9657890368421,0.22480551475486485,age_gender,grocery,96
2017-08-19,45-49,F,13,1,5633973,1186,1690.3499917,66,19,380.0,0.00021050864106022518,0.016020236087689713,1.4252529440978077,88.9657890368421,0.22480551475486485,age_gender,skin care,84
2017-08-19,45-49,M,14,1,1188218,243,385.359999186,18,5,100.0,0.00020450792699656123,0.0205761316872428,1.5858436180493827,77.0719998372,0.25949761317010345,age_gender,fashion,100
2017-08-19,45-49,M,14,1,1188218,243,385.359999186,18,5,100.0,0.00020450792699656123,0.0205761316872428,1.5858436180493827,77.0719998372,0.25949761317010345,age_gender,fitness,90
2017-08-19,45-49,M,14,1,1188218,243,385.359999186,18,5,100.0,0.00020450792699656123,0.0205761316872428,1.5858436180493827,77.0719998372,0.25949761317010345,age_gender,grocery,96
2017-08-19,45-49,M,14,1,1188218,243,385.359999186,18,5,100.0,0.00020450792699656123,0.0205761316872428,1.5858436180493827,77.0719998372,0.25949761317010345,age_gender,skin care,84
2017-08-20,30-34,F,21,1,2033322,326,503.68999961,47,15,300.0,0.00016032876248818435,0.046012269938650305,1.5450613484969324,33.57933330733333,0.5956044396995885,age_gender,fashion,93
2017-08-20,30-34,F,21,1,2033322,326,503.68999961,47,15,300.0,0.00016032876248818435,0.046012269938650305,1.5450613484969324,33.57933330733333,0.5956044396995885,age_gender,fitness,86
2017-08-20,30-34,F,21,1,2033322,326,503.68999961,47,15,300.0,0.00016032876248818435,0.046012269938650305,1.5450613484969324,33.57933330733333,0.5956044396995885,age_gender,grocery,100
2017-08-20,30-34,F,21,1,2033322,326,503.68999961,47,15,300.0,0.00016032876248818435,0.046012269938650305,1.5450613484969324,33.57933330733333,0.5956044396995885,age_gender,skin care,79
2017-08-20,30-34,M,11,2,1816696,223,394.199998068,41,8,160.0,0.00012275031155460243,0.03587443946188341,1.767712995820628,49.2749997585,0.4058853393814573,age_gender,fashion,93
2017-08-20,30-34,M,11,2,1816696,223,394.199998068,41,8,160.0,0.00012275031155460243,0.03587443946188341,1.767712995820628,49.2749997585,0.4058853393814573,age_gender,fitness,86
2017-08-20,30-34,M,11,2,1816696,223,394.199998068,41,8,160.0,0.00012275031155460243,0.03587443946188341,1.767712995820628,49.2749997585,0.4058853393814573,age_gender,grocery,100
2017-08-20,30-34,M,11,2,1816696,223,394.199998068,41,8,160.0,0.00012275031155460243,0.03587443946188341,1.767712995820628,49.2749997585,0.4058853393814573,age_gender,skin care,79
2017-08-20,35-39,F,13,1,1165352,270,401.650000761,23,9,180.0,0.00023168965256849432,0.03333333333333333,1.487592595411111,44.62777786233333,0.4481513747266446,age_gender,fashion,93
2017-08-20,35-39,F,13,1,1165352,270,401.650000761,23,9,180.0,0.00023168965256849432,0.03333333333333333,1.487592595411111,44.62777786233333,0.4481513747266446,age_gender,fitness,86
2017-08-20,35-39,F,13,1,1165352,270,401.650000761,23,9,180.0,0.00023168965256849432,0.03333333333333333,1.487592595411111,44.62777786233333,0.4481513747266446,age_gender,grocery,100
2017-08-20,35-39,F,13,1,1165352,270,401.650000761,23,9,180.0,0.00023168965256849432,0.03333333333333333,1.487592595411111,44.62777786233333,0.4481513747266446,age_gender,skin care,79
2017-08-20,35-39,M,3,2,846829,127,235.0899994,11,6,120.0,0.00014997124567061354,0.047244094488188976,1.8511023574803152,39.18166656666667,0.5104428104396855,age_gender,fashion,93
2017-08-20,35-39,M,3,2,846829,127,235.0899994,11,6,120.0,0.00014997124567061354,0.047244094488188976,1.8511023574803152,39.18166656666667,0.5104428104396855,age_gender,fitness,86
2017-08-20,35-39,M,3,2,846829,127,235.0899994,11,6,120.0,0.00014997124567061354,0.047244094488188976,1.8511023574803152,39.18166656666667,0.5104428104396855,age_gender,grocery,100
2017-08-20,35-39,M,3,2,846829,127,235.0899994,11,6,120.0,0.00014997124567061354,0.047244094488188976,1.8511023574803152,39.18166656666667,0.5104428104396855,age_gender,skin care,79
2017-08-20,40-44,F,14,1,4739226,846,1224.110002243,62,19,380.0,0.00017851016178591187,0.022458628841607566,1.44693853693026,64.42684222331579,0.3104296176844453,age_gender,fashion,93
2017-08-20,40-44,F,14,1,4739226,846,1224.110002243,62,19,380.0,0.00017851016178591187,0.022458628841607566,1.44693853693026,64.42684222331579,0.3104296176844453,age_gender,fitness,86
2017-08-20,40-44,F,14,1,4739226,846,1224.110002243,62,19,380.0,0.00017851016178591187,0.022458628841607566,1.44693853693026,64.42684222331579,0.3104296176844453,age_gender,grocery,100
2017-08-20,40-44,F,14,1,4739226,846,1224.110002243,62,19,380.0,0.00017851016178591187,0.022458628841607566,1.44693853693026,64.42684222331579,0.3104296176844453,age_gender,skin care,79
2017-08-20,40-44,M,17,1,1870784,317,488.410002302,25,11,220.0,0.00016944767541308885,0.03470031545741325,1.5407255593123028,44.400909300181816,0.4504412255340478,age_gender,fashion,93
2017-08-20,40-44,M,17,1,1870784,317,488.410002302,25,11,220.0,0.00016944767541308885,0.03470031545741325,1.5407255593123028,44.400909300181816,0.4504412255340478,age_gender,fitness,86
2017-08-20,40-44,M,17,1,1870784,317,488.410002302,25,11,220.0,0.00016944767541308885,0.03470031545741325,1.5407255593123028,44.400909300181816,0.4504412255340478,age_gender,grocery,100
2017-08-20,40-44,M,17,1,1870784,317,488.410002302,25,11,220.0,0.00016944767541308885,0.03470031545741325,1.5407255593123028,44.400909300181816,0.4504412255340478,age_gender,skin care,79
2017-08-20,45-49,F,9,1,2400919,516,745.759997518,33,10,200.0,0.0002149177044290124,0.01937984496124031,1.4452713130193797,74.5759997518,0.2681827942845281,age_gender,fashion,93
2017-08-20,45-49,F,9,1,2400919,516,745.759997518,33,10,200.0,0.0002149177044290124,0.01937984496124031,1.4452713130193797,74.5759997518,0.2681827942845281,age_gender,fitness,86
2017-08-20,45-49,F,9,1,2400919,516,745.759997518,33,10,200.0,0.0002149177044290124,0.01937984496124031,1.4452713130193797,74.5759997518,0.2681827942845281,age_gender,grocery,100
2017-08-20,45-49,F,9,1,2400919,516,745.759997518,33,10,200.0,0.0002149177044290124,0.01937984496124031,1.4452713130193797,74.5759997518,0.2681827942845281,age_gender,skin care,79
2017-08-20,45-49,M,5,2,1373308,218,376.1800017,12,6,120.0,0.0001587407923058775,0.027522935779816515,1.7255963380733945,62.69666695,0.31899622376975495,age_gender,fashion,93
2017-08-20,45-49,M,5,2,1373308,218,376.1800017,12,6,120.0,0.0001587407923058775,0.027522935779816515,1.7255963380733945,62.69666695,0.31899622376975495,age_gender,fitness,86
2017-08-20,45-49,M,5,2,1373308,218,376.1800017,12,6,120.0,0.0001587407923058775,0.027522935779816515,1.7255963380733945,62.69666695,0.31899622376975495,age_gender,grocery,100
2017-08-20,45-49,M,5,2,1373308,218,376.1800017,12,6,120.0,0.0001587407923058775,0.027522935779816515,1.7255963380733945,62.69666695,0.31899622376975495,age_gender,skin care,79
2017-08-21,30-34,F,23,1,5419466,1053,1507.799999175,82,25,500.0,0.00019429958597396867,0.023741690408357077,1.431908831125356,60.311999967,0.33160896688790115,age_gender,fashion,79
2017-08-21,30-34,F,23,1,5419466,1053,1507.799999175,82,25,500.0,0.00019429958597396867,0.023741690408357077,1.431908831125356,60.311999967,0.33160896688790115,age_gender,fitness,86
2017-08-21,30-34,F,23,1,5419466,1053,1507.799999175,82,25,500.0,0.00019429958597396867,0.023741690408357077,1.431908831125356,60.311999967,0.33160896688790115,age_gender,grocery,69
2017-08-21,30-34,F,23,1,5419466,1053,1507.799999175,82,25,500.0,0.00019429958597396867,0.023741690408357077,1.431908831125356,60.311999967,0.33160896688790115,age_gender,skin care,85
2017-08-21,30-34,M,18,2,1464700,164,289.960000637,32,8,160.0,0.0001119683211579163,0.04878048780487805,1.7680487843719512,36.245000079625,0.5518002470978868,age_gender,fashion,79
2017-08-21,30-34,M,18,2,1464700,164,289.960000637,32,8,160.0,0.0001119683211579163,0.04878048780487805,1.7680487843719512,36.245000079625,0.5518002470978868,age_gender,fitness,86
2017-08-21,30-34,M,18,2,1464700,164,289.960000637,32,8,160.0,0.0001119683211579163,0.04878048780487805,1.7680487843719512,36.245000079625,0.5518002470978868,age_gender,grocery,69
2017-08-21,30-34,M,18,2,1464700,164,289.960000637,32,8,160.0,0.0001119683211579163,0.04878048780487805,1.7680487843719512,36.245000079625,0.5518002470978868,age_gender,skin care,85
2017-08-21,35-39,F,1,1,1107,0,0.0,1,0,0.0,0.0,0.0,,,,age_gender,fashion,79
2017-08-21,35-39,F,1,1,1107,0,0.0,1,0,0.0,0.0,0.0,,,,age_gender,fitness,86
2017-08-21,35-39,F,1,1,1107,0,0.0,1,0,0.0,0.0,0.0,,,,age_gender,grocery,69
2017-08-21,35-39,F,1,1,1107,0,0.0,1,0,0.0,0.0,0.0,,,,age_gender,skin care,85
2017-08-21,35-39,M,20,2,1642798,211,310.430000548,32,10,200.0,0.00012843940642732704,0.04739336492890995,1.471232230085308,31.0430000548,0.6442676276356709,age_gender,fashion,79
2017-08-21,35-39,M,20,2,1642798,211,310.430000548,32,10,200.0,0.00012843940642732704,0.04739336492890995,1.471232230085308,31.0430000548,0.6442676276356709,age_gender,fitness,86
2017-08-21,35-39,M,20,2,1642798,211,310.430000548,32,10,200.0,0.00012843940642732704,0.04739336492890995,1.471232230085308,31.0430000548,0.6442676276356709,age_gender,grocery,69
2017-08-21,35-39,M,20,2,1642798,211,310.430000548,32,10,200.0,0.00012843940642732704,0.04739336492890995,1.471232230085308,31.0430000548,0.6442676276356709,age_gender,skin care,85
2017-08-21,40-44,F,3,1,21663,5,6.960000039,3,0,0.0,0.00023080829063379957,0.0,1.3920000077999999,,0.0,age_gender,fashion,79
2017-08-21,40-44,F,3,1,21663,5,6.960000039,3,0,0.0,0.00023080829063379957,0.0,1.3920000077999999,,0.0,age_gender,fitness,86
2017-08-21,40-44,F,3,1,21663,5,6.960000039,3,0,0.0,0.00023080829063379957,0.0,1.3920000077999999,,0.0,age_gender,grocery,69
2017-08-21,40-44,F,3,1,21663,5,6.960000039,3,0,0.0,0.00023080829063379957,0.0,1.3920000077999999,,0.0,age_gender,skin care,85
2017-08-21,40-44,M,16,2,1799917,288,463.72000139,25,13,260.0,0.000160007378117991,0.04513888888888889,1.6101388937152779,35.670769337692306,0.5606831691983317,age_gender,fashion,79
2017-08-21,40-44,M,16,2,1799917,288,463.72000139,25,13,260.0,0.000160007378117991,0.04513888888888889,1.6101388937152779,35.670769337692306,0.5606831691983317,age_gender,fitness,86
2017-08-21,40-44,M,16,2,1799917,288,463.72000139,25,13,260.0,0.000160007378117991,0.04513888888888889,1.6101388937152779,35.670769337692306,0.5606831691983317,age_gender,grocery,69
2017-08-21,40-44,M,16,2,1799917,288,463.72000139,25,13,260.0,0.000160007378117991,0.04513888888888889,1.6101388937152779,35.670769337692306,0.5606831691983317,age_gender,skin care,85
2017-08-21,45-49,F,19,1,563071,175,257.099997993,22,6,120.0,0.00031079561902495423,0.03428571428571429,1.4691428456742857,42.8499996655,0.46674446105311607,age_gender,fashion,79
2017-08-21,45-49,F,19,1,563071,175,257.099997993,22,6,120.0,0.00031079561902495423,0.03428571428571429,1.4691428456742857,42.8499996655,0.46674446105311607,age_gender,fitness,86
2017-08-21,45-49,F,19,1,563071,175,257.099997993,22,6,120.0,0.00031079561902495423,0.03428571428571429,1.4691428456742857,42.8499996655,0.46674446105311607,age_gender,grocery,69
2017-08-21,45-49,F,19,1,563071,175,257.099997993,22,6,120.0,0.00031079561902495423,0.03428571428571429,1.4691428456742857,42.8499996655,0.46674446105311607,age_gender,skin care,85
2017-08-21,45-49,M,2,1,55075,13,18.660000443999998,2,1,20.0,0.00023604176123467999,0.07692307692307693,1.4353846495384615,18.660000443999998,1.0718113356975225,age_gender,fashion,79
2017-08-21,45-49,M,2,1,55075,13,18.660000443999998,2,1,20.0,0.00023604176123467999,0.07692307692307693,1.4353846495384615,18.660000443999998,1.0718113356975225,age_gender,fitness,86
2017-08-21,45-49,M,2,1,55075,13,18.660000443999998,2,1,20.0,0.00023604176123467999,0.07692307692307693,1.4353846495384615,18.660000443999998,1.0718113356975225,age_gender,grocery,69
2017-08-21,45-49,M,2,1,55075,13,18.660000443999998,2,1,20.0,0.00023604176123467999,0.07692307692307693,1.4353846495384615,18.660000443999998,1.0718113356975225,age_gender,skin care,85
2017-08-22,30-34,F,31,1,6859463,1066,1554.550006035,148,42,840.0,0.0001554057511499078,0.039399624765478425,1.4583020694512194,37.01309538178572,0.5403492951265588,age_gender,fashion,92
2017-08-22,30-34,F,31,1,6859463,1066,1554.550006035,148,42,840.0,0.0001554057511499078,0.039399624765478425,1.4583020694512194,37.01309538178572,0.5403492951265588,age_gender,fitness,100
2017-08-22,30-34,F,31,1,6859463,1066,1554.550006035,148,42,840.0,0.0001554057511499078,0.039399624765478425,1.4583020694512194,37.01309538178572,0.5403492951265588,age_gender,grocery,69
2017-08-22,30-34,F,31,1,6859463,1066,1554.550006035,148,42,840.0,0.0001554057511499078,0.039399624765478425,1.4583020694512194,37.01309538178572,0.5403492951265588,age_gender,skin care,97
2017-08-22,30-34,M,40,2,3371764,408,703.019998929,78,34,680.0,0.00012100491018944387,0.08333333333333333,1.7230882326691177,20.677058792029413,0.9672555560808095,age_gender,fashion,92
2017-08-22,30-34,M,40,2,3371764,408,703.019998929,78,34,680.0,0.00012100491018944387,0.08333333333333333,1.7230882326691177,20.677058792029413,0.9672555560808095,age_gender,fitness,100
2017-08-22,30-34,M,40,2,3371764,408,703.019998929,78,34,680.0,0.00012100491018944387,0.08333333333333333,1.7230882326691177,20.677058792029413,0.9672555560808095,age_gender,grocery,69
2017-08-22,30-34,M,40,2,3371764,408,703.019998929,78,34,680.0,0.00012100491018944387,0.08333333333333333,1.7230882326691177,20.677058792029413,0.9672555560808095,age_gender,skin care,97
2017-08-22,35-39,F,1,1,1030,0,0.0,1,1,20.0,0.0,0.0,,0.0,,age_gender,fashion,92
2017-08-22,35-39,F,1,1,1030,0,0.0,1,1,20.0,0.0,0.0,,0.0,,age_gender,fitness,100
2017-08-22,35-39,F,1,1,1030,0,0.0,1,1,20.0,0.0,0.0,,0.0,,age_gender,grocery,69
2017-08-22,35-39,F,1,1,1030,0,0.0,1,1,20.0,0.0,0.0,,0.0,,age_gender,skin care,97
2017-08-22,35-39,M,4,1,16161,2,2.6100000139999997,5,0,0.0,0.0001237547181486294,0.0,1.3050000069999999,,0.0,age_gender,fashion,92
2017-08-22,35-39,M,4,1,16161,2,2.6100000139999997,5,0,0.0,0.0001237547181486294,0.0,1.3050000069999999,,0.0,age_gender,fitness,100
2017-08-22,35-39,M,4,1,16161,2,2.6100000139999997,5,0,0.0,0.0001237547181486294,0.0,1.3050000069999999,,0.0,age_gender,grocery,69
2017-08-22,35-39,M,4,1,16161,2,2.6100000139999997,5,0,0.0,0.0001237547181486294,0.0,1.3050000069999999,,0.0,age_gender,skin care,97
2017-08-22,40-44,M,8,1,137284,18,27.819999574,8,3,60.0,0.00013111506074997814,0.16666666666666666,1.545555531888889,9.273333191333334,2.1567218159152945,age_gender,fashion,92
2017-08-22,40-44,M,8,1,137284,18,27.819999574,8,3,60.0,0.00013111506074997814,0.16666666666666666,1.545555531888889,9.273333191333334,2.1567218159152945,age_gender,fitness,100
2017-08-22,40-44,M,8,1,137284,18,27.819999574,8,3,60.0,0.00013111506074997814,0.16666666666666666,1.545555531888889,9.273333191333334,2.1567218159152945,age_gender,grocery,69
2017-08-22,40-44,M,8,1,137284,18,27.819999574,8,3,60.0,0.00013111506074997814,0.16666666666666666,1.545555531888889,9.273333191333334,2.1567218159152945,age_gender,skin care,97
2017-08-22,45-49,F,3,1,215288,72,104.17999899799999,5,2,40.0,0.000334435732600052,0.027777777777777776,1.4469444305277777,52.089999498999994,0.3839508579834783,age_gender,fashion,92
2017-08-22,45-49,F,3,1,215288,72,104.17999899799999,5,2,40.0,0.000334435732600052,0.027777777777777776,1.4469444305277777,52.089999498999994,0.3839508579834783,age_gender,fitness,100
2017-08-22,45-49,F,3,1,215288,72,104.17999899799999,5,2,40.0,0.000334435732600052,0.027777777777777776,1.4469444305277777,52.089999498999994,0.3839508579834783,age_gender,grocery,69
2017-08-22,45-49,F,3,1,215288,72,104.17999899799999,5,2,40.0,0.000334435732600052,0.027777777777777776,1.4469444305277777,52.089999498999994,0.3839508579834783,age_gender,skin care,97
2017-08-22,45-49,M,9,1,554143,78,118.70000058299999,11,2,40.0,0.0001407578910136914,0.02564102564102564,1.5217948792692306,59.350000291499995,0.33698399160520925,age_gender,fashion,92
2017-08-22,45-49,M,9,1,554143,78,118.70000058299999,11,2,40.0,0.0001407578910136914,0.02564102564102564,1.5217948792692306,59.350000291499995,0.33698399160520925,age_gender,fitness,100
2017-08-22,45-49,M,9,1,554143,78,118.70000058299999,11,2,40.0,0.0001407578910136914,0.02564102564102564,1.5217948792692306,59.350000291499995,0.33698399160520925,age_gender,grocery,69
2017-08-22,45-49,M,9,1,554143,78,118.70000058299999,11,2,40.0,0.0001407578910136914,0.02564102564102564,1.5217948792692306,59.350000291499995,0.33698399160520925,age_gender,skin care,97
2017-08-23,30-34,F,19,1,4067046,630,981.759992949,61,22,440.0,0.0001549035835837608,0.03492063492063492,1.5583491951571429,44.625454224954545,0.44817470986807356,age_gender,fashion,89
2017-08-23,30-34,F,19,1,4067046,630,981.759992949,61,22,440.0,0.0001549035835837608,0.03492063492063492,1.5583491951571429,44.625454224954545,0.44817470986807356,age_gender,fitness,95
2017-08-23,30-34,F,19,1,4067046,630,981.759992949,61,22,440.0,0.0001549035835837608,0.03492063492063492,1.5583491951571429,44.625454224954545,0.44817470986807356,age_gender,grocery,67
2017-08-23,30-34,F,19,1,4067046,630,981.759992949,61,22,440.0,0.0001549035835837608,0.03492063492063492,1.5583491951571429,44.625454224954545,0.44817470986807356,age_gender,skin care,96
2017-08-23,30-34,M,29,2,6855267,871,1497.5100042039999,157,55,1100.0,0.00012705559097844036,0.06314580941446613,1.7192996603949482,27.227454621890907,0.734552688737932,age_gender,fashion,89
2017-08-23,30-34,M,29,2,6855267,871,1497.5100042039999,157,55,1100.0,0.00012705559097844036,0.06314580941446613,1.7192996603949482,27.227454621890907,0.734552688737932,age_gender,fitness,95
2017-08-23,30-34,M,29,2,6855267,871,1497.5100042039999,157,55,1100.0,0.00012705559097844036,0.06314580941446613,1.7192996603949482,27.227454621890907,0.734552688737932,age_gender,grocery,67
2017-08-23,30-34,M,29,2,6855267,871,1497.5100042039999,157,55,1100.0,0.00012705559097844036,0.06314580941446613,1.7192996603949482,27.227454621890907,0.734552688737932,age_gender,skin care,96
2017-08-23,35-39,F,4,1,42240,9,12.080000043,5,3,60.0,0.0002130681818181818,0.3333333333333333,1.342222227,4.026666681,4.966887399538398,age_gender,fashion,89
2017-08-23,35-39,F,4,1,42240,9,12.080000043,5,3,60.0,0.0002130681818181818,0.3333333333333333,1.342222227,4.026666681,4.966887399538398,age_gender,fitness,95
2017-08-23,35-39,F,4,1,42240,9,12.080000043,5,3,60.0,0.0002130681818181818,0.3333333333333333,1.342222227,4.026666681,4.966887399538398,age_gender,grocery,67
2017-08-23,35-39,F,4,1,42240,9,12.080000043,5,3,60.0,0.0002130681818181818,0.3333333333333333,1.342222227,4.026666681,4.966887399538398,age_gender,skin care,96
2017-08-23,35-39,M,25,2,5414107,717,1246.620000782,74,35,700.0,0.00013243181193131203,0.04881450488145049,1.7386610889567644,35.617714308057145,0.5615183452542817,age_gender,fashion,89
2017-08-23,35-39,M,25,2,5414107,717,1246.620000782,74,35,700.0,0.00013243181193131203,0.04881450488145049,1.7386610889567644,35.617714308057145,0.5615183452542817,age_gender,fitness,95
2017-08-23,35-39,M,25,2,5414107,717,1246.620000782,74,35,700.0,0.00013243181193131203,0.04881450488145049,1.7386610889567644,35.617714308057145,0.5615183452542817,age_gender,grocery,67
2017-08-23,35-39,M,25,2,5414107,717,1246.620000782,74,35,700.0,0.00013243181193131203,0.04881450488145049,1.7386610889567644,35.617714308057145,0.5615183452542817,age_gender,skin care,96
2017-08-23,40-44,F,7,1,155487,46,64.540000371,7,1,20.0,0.0002958446686861281,0.021739130434782608,1.403043486326087,64.540000371,0.3098853406419668,age_gender,fashion,89
2017-08-23,40-44,F,7,1,155487,46,64.540000371,7,1,20.0,0.0002958446686861281,0.021739130434782608,1.403043486326087,64.540000371,0.3098853406419668,age_gender,fitness,95
2017-08-23,40-44,F,7,1,155487,46,64.540000371,7,1,20.0,0.0002958446686861281,0.021739130434782608,1.403043486326087,64.540000371,0.3098853406419668,age_gender,grocery,67
2017-08-23,40-44,F,7,1,155487,46,64.540000371,7,1,20.0,0.0002958446686861281,0.021739130434782608,1.403043486326087,64.540000371,0.3098853406419668,age_gender,skin care,96
2017-08-23,40-44,M,6,1,52133,6,8.919999957000002,7,3,60.0,0.00011509024993765945,0.5,1.4866666595000002,2.9733333190000004,6.726457431528885,age_gender,fashion,89
2017-08-23,40-44,M,6,1,52133,6,8.919999957000002,7,3,60.0,0.00011509024993765945,0.5,1.4866666595000002,2.9733333190000004,6.726457431528885,age_gender,fitness,95
2017-08-23,40-44,M,6,1,52133,6,8.919999957000002,7,3,60.0,0.00011509024993765945,0.5,1.4866666595000002,2.9733333190000004,6.726457431528885,age_gender,grocery,67
2017-08-23,40-44,M,6,1,52133,6,8.919999957000002,7,3,60.0,0.00011509024993765945,0.5,1.4866666595000002,2.9733333190000004,6.726457431528885,age_gender,skin care,96
2017-08-23,45-49,F,5,1,609816,157,209.550001124,9,3,60.0,0.00025745470764952053,0.01910828025477707,1.334713382955414,69.85000037466666,0.2863278438471367,age_gender,fashion,89
2017-08-23,45-49,F,5,1,609816,157,209.550001124,9,3,60.0,0.00025745470764952053,0.01910828025477707,1.334713382955414,69.85000037466666,0.2863278438471367,age_gender,fitness,95
2017-08-23,45-49,F,5,1,609816,157,209.550001124,9,3,60.0,0.00025745470764952053,0.01910828025477707,1.334713382955414,69.85000037466666,0.2863278438471367,age_gender,grocery,67
2017-08-23,45-49,F,5,1,609816,157,209.550001124,9,3,60.0,0.00025745470764952053,0.01910828025477707,1.334713382955414,69.85000037466666,0.2863278438471367,age_gender,skin care,96
2017-08-23,45-49,M,14,1,1696803,256,387.99000132099997,31,8,160.0,0.00015087196333339817,0.03125,1.5155859426601561,48.498750165124996,0.4123817610125099,age_gender,fashion,89
2017-08-23,45-49,M,14,1,1696803,256,387.99000132099997,31,8,160.0,0.00015087196333339817,0.03125,1.5155859426601561,48.498750165124996,0.4123817610125099,age_gender,fitness,95
2017-08-23,45-49,M,14,1,1696803,256,387.99000132099997,31,8,160.0,0.00015087196333339817,0.03125,1.5155859426601561,48.498750165124996,0.4123817610125099,age_gender,grocery,67
2017-08-23,45-49,M,14,1,1696803,256,387.99000132099997,31,8,160.0,0.00015087196333339817,0.03125,1.5155859426601561,48.498750165124996,0.4123817610125099,age_gender,skin care,96
2017-08-24,30-34,F,20,1,673025,113,174.880002024,24,11,220.0,0.00016789866646855614,0.09734513274336283,1.547610637380531,15.898182002181818,1.258005474918784,age_gender,fashion,91
2017-08-24,30-34,F,20,1,673025,113,174.880002024,24,11,220.0,0.00016789866646855614,0.09734513274336283,1.547610637380531,15.898182002181818,1.258005474918784,age_gender,fitness,85
2017-08-24,30-34,F,20,1,673025,113,174.880002024,24,11,220.0,0.00016789866646855614,0.09734513274336283,1.547610637380531,15.898182002181818,1.258005474918784,age_gender,grocery,68
2017-08-24,30-34,F,20,1,673025,113,174.880002024,24,11,220.0,0.00016789866646855614,0.09734513274336283,1.547610637380531,15.898182002181818,1.258005474918784,age_gender,skin care,100
2017-08-24,30-34,M,9,2,869706,119,197.649999379,21,6,120.0,0.00013682784757147818,0.05042016806722689,1.6609243645294118,32.94166656316667,0.6071338243209213,age_gender,fashion,91
2017-08-24,30-34,M,9,2,869706,119,197.649999379,21,6,120.0,0.00013682784757147818,0.05042016806722689,1.6609243645294118,32.94166656316667,0.6071338243209213,age_gender,fitness,85
2017-08-24,30-34,M,9,2,869706,119,197.649999379,21,6,120.0,0.00013682784757147818,0.05042016806722689,1.6609243645294118,32.94166656316667,0.6071338243209213,age_gender,grocery,68
2017-08-24,30-34,M,9,2,869706,119,197.649999379,21,6,120.0,0.00013682784757147818,0.05042016806722689,1.6609243645294118,32.94166656316667,0.6071338243209213,age_gender,skin care,100
2017-08-24,35-39,F,8,1,797507,180,238.18999872199998,19,6,120.0,0.00022570334805838694,0.03333333333333333,1.3232777706777776,39.69833312033333,0.5037994905069724,age_gender,fashion,91
2017-08-24,35-39,F,8,1,797507,180,238.18999872199998,19,6,120.0,0.00022570334805838694,0.03333333333333333,1.3232777706777776,39.69833312033333,0.5037994905069724,age_gender,fitness,85
2017-08-24,35-39,F,8,1,797507,180,238.18999872199998,19,6,120.0,0.00022570334805838694,0.03333333333333333,1.3232777706777776,39.69833312033333,0.5037994905069724,age_gender,grocery,68
2017-08-24,35-39,F,8,1,797507,180,238.18999872199998,19,6,120.0,0.00022570334805838694,0.03333333333333333,1.3232777706777776,39.69833312033333,0.5037994905069724,age_gender,skin care,100
2017-08-24,35-39,M,10,1,1707807,229,407.949997691,27,9,180.0,0.0001340900933185073,0.039301310043668124,1.7814410379519652,45.327777521222224,0.44123054545606405,age_gender,fashion,91
2017-08-24,35-39,M,10,1,1707807,229,407.949997691,27,9,180.0,0.0001340900933185073,0.039301310043668124,1.7814410379519652,45.327777521222224,0.44123054545606405,age_gender,fitness,85
2017-08-24,35-39,M,10,1,1707807,229,407.949997691,27,9,180.0,0.0001340900933185073,0.039301310043668124,1.7814410379519652,45.327777521222224,0.44123054545606405,age_gender,grocery,68
2017-08-24,35-39,M,10,1,1707807,229,407.949997691,27,9,180.0,0.0001340900933185073,0.039301310043668124,1.7814410379519652,45.327777521222224,0.44123054545606405,age_gender,skin care,100
2017-08-24,40-44,F,2,0,228988,54,80.95999992,2,1,20.0,0.00023582021765332681,0.018518518518518517,1.499259257777778,80.95999992,0.24703557336663592,age_gender,fashion,91
2017-08-24,40-44,F,2,0,228988,54,80.95999992,2,1,20.0,0.00023582021765332681,0.018518518518518517,1.499259257777778,80.95999992,0.24703557336663592,age_gender,fitness,85
2017-08-24,40-44,F,2,0,228988,54,80.95999992,2,1,20.0,0.00023582021765332681,0.018518518518518517,1.499259257777778,80.95999992,0.24703557336663592,age_gender,grocery,68
2017-08-24,40-44,F,2,0,228988,54,80.95999992,2,1,20.0,0.00023582021765332681,0.018518518518518517,1.499259257777778,80.95999992,0.24703557336663592,age_gender,skin care,100
2017-08-24,40-44,M,9,2,2659415,440,758.459999368,24,9,180.0,0.00016544992037722582,0.020454545454545454,1.7237727258363638,84.27333326311111,0.2373229967961239,age_gender,fashion,91
2017-08-24,40-44,M,9,2,2659415,440,758.459999368,24,9,180.0,0.00016544992037722582,0.020454545454545454,1.7237727258363638,84.27333326311111,0.2373229967961239,age_gender,fitness,85
2017-08-24,40-44,M,9,2,2659415,440,758.459999368,24,9,180.0,0.00016544992037722582,0.020454545454545454,1.7237727258363638,84.27333326311111,0.2373229967961239,age_gender,grocery,68
2017-08-24,40-44,M,9,2,2659415,440,758.459999368,24,9,180.0,0.00016544992037722582,0.020454545454545454,1.7237727258363638,84.27333326311111,0.2373229967961239,age_gender,skin care,100
2017-08-24,45-49,F,13,1,7059491,1802,2569.639992976,73,19,380.0,0.0002552591964491491,0.010543840177580466,1.4259933368346283,135.24421015663157,0.14788063738061114,age_gender,fashion,91
2017-08-24,45-49,F,13,1,7059491,1802,2569.639992976,73,19,380.0,0.0002552591964491491,0.010543840177580466,1.4259933368346283,135.24421015663157,0.14788063738061114,age_gender,fitness,85
2017-08-24,45-49,F,13,1,7059491,1802,2569.639992976,73,19,380.0,0.0002552591964491491,0.010543840177580466,1.4259933368346283,135.24421015663157,0.14788063738061114,age_gender,grocery,68
2017-08-24,45-49,F,13,1,7059491,1802,2569.639992976,73,19,380.0,0.0002552591964491491,0.010543840177580466,1.4259933368346283,135.24421015663157,0.14788063738061114,age_gender,skin care,100
2017-08-24,45-49,M,3,1,79420,17,25.759999395,5,1,20.0,0.00021405187610173759,0.058823529411764705,1.5152940820588237,25.759999395,0.776397533762442,age_gender,fashion,91
2017-08-24,45-49,M,3,1,79420,17,25.759999395,5,1,20.0,0.00021405187610173759,0.058823529411764705,1.5152940820588237,25.759999395,0.776397533762442,age_gender,fitness,85
2017-08-24,45-49,M,3,1,79420,17,25.759999395,5,1,20.0,0.00021405187610173759,0.058823529411764705,1.5152940820588237,25.759999395,0.776397533762442,age_gender,grocery,68
2017-08-24,45-49,M,3,1,79420,17,25.759999395,5,1,20.0,0.00021405187610173759,0.058823529411764705,1.5152940820588237,25.759999395,0.776397533762442,age_gender,skin care,100
2017-08-25,30-34,F,8,1,102660,28,33.670000429,9,4,80.0,0.00027274498344048313,0.14285714285714285,1.2025000153214285,8.41750010725,2.3760023457289874,age_gender,fashion,92
2017-08-25,30-34,F,8,1,102660,28,33.670000429,9,4,80.0,0.00027274498344048313,0.14285714285714285,1.2025000153214285,8.41750010725,2.3760023457289874,age_gender,fitness,86
2017-08-25,30-34,F,8,1,102660,28,33.670000429,9,4,80.0,0.00027274498344048313,0.14285714285714285,1.2025000153214285,8.41750010725,2.3760023457289874,age_gender,grocery,75
2017-08-25,30-34,F,8,1,102660,28,33.670000429,9,4,80.0,0.00027274498344048313,0.14285714285714285,1.2025000153214285,8.41750010725,2.3760023457289874,age_gender,skin care,92
2017-08-25,30-34,M,10,2,3815221,423,740.660002074,73,36,720.0,0.00011087169000170633,0.0851063829787234,1.7509692720425531,20.5738889465,0.9721059568274948,age_gender,fashion,92
2017-08-25,30-34,M,10,2,3815221,423,740.660002074,73,36,720.0,0.00011087169000170633,0.0851063829787234,1.7509692720425531,20.5738889465,0.9721059568274948,age_gender,fitness,86
2017-08-25,30-34,M,10,2,3815221,423,740.660002074,73,36,720.0,0.00011087169000170633,0.0851063829787234,1.7509692720425531,20.5738889465,0.9721059568274948,age_gender,grocery,75
2017-08-25,30-34,M,10,2,3815221,423,740.660002074,73,36,720.0,0.00011087169000170633,0.0851063829787234,1.7509692720425531,20.5738889465,0.9721059568274948,age_gender,skin care,92
2017-08-25,35-39,F,1,1,1238,0,0.0,1,0,0.0,0.0,0.0,,,,age_gender,fashion,92
2017-08-25,35-39,F,1,1,1238,0,0.0,1,0,0.0,0.0,0.0,,,,age_gender,fitness,86
2017-08-25,35-39,F,1,1,1238,0,0.0,1,0,0.0,0.0,0.0,,,,age_gender,grocery,75
2017-08-25,35-39,F,1,1,1238,0,0.0,1,0,0.0,0.0,0.0,,,,age_gender,skin care,92
2017-08-25,35-39,M,1,1,3029,1,1.049999952,1,1,20.0,0.0003301419610432486,1.0,1.049999952,1.049999952,19.047619918367385,age_gender,fashion,92
2017-08-25,35-39,M,1,1,3029,1,1.049999952,1,1,20.0,0.0003301419610432486,1.0,1.049999952,1.049999952,19.047619918367385,age_gender,fitness,86
2017-08-25,35-39,M,1,1,3029,1,1.049999952,1,1,20.0,0.0003301419610432486,1.0,1.049999952,1.049999952,19.047619918367385,age_gender,grocery,75
2017-08-25,35-39,M,1,1,3029,1,1.049999952,1,1,20.0,0.0003301419610432486,1.0,1.049999952,1.049999952,19.047619918367385,age_gender,skin care,92
2017-08-25,40-44,F,9,1,1106105,263,371.01000127,12,6,120.0,0.0002377712784952604,0.022813688212927757,1.4106844154752851,61.83500021166666,0.3234414155662365,age_gender,fashion,92
2017-08-25,40-44,F,9,1,1106105,263,371.01000127,12,6,120.0,0.0002377712784952604,0.022813688212927757,1.4106844154752851,61.83500021166666,0.3234414155662365,age_gender,fitness,86
2017-08-25,40-44,F,9,1,1106105,263,371.01000127,12,6,120.0,0.0002377712784952604,0.022813688212927757,1.4106844154752851,61.83500021166666,0.3234414155662365,age_gender,grocery,75
2017-08-25,40-44,F,9,1,1106105,263,371.01000127,12,6,120.0,0.0002377712784952604,0.022813688212927757,1.4106844154752851,61.83500021166666,0.3234414155662365,age_gender,skin care,92
2017-08-25,40-44,M,13,2,5575814,770,1340.589997055,64,21,420.0,0.0001380964286111409,0.02727272727272727,1.7410259702012987,63.83761890738095,0.3132948932355556,age_gender,fashion,92
2017-08-25,40-44,M,13,2,5575814,770,1340.589997055,64,21,420.0,0.0001380964286111409,0.02727272727272727,1.7410259702012987,63.83761890738095,0.3132948932355556,age_gender,fitness,86
2017-08-25,40-44,M,13,2,5575814,770,1340.589997055,64,21,420.0,0.0001380964286111409,0.02727272727272727,1.7410259702012987,63.83761890738095,0.3132948932355556,age_gender,grocery,75
2017-08-25,40-44,M,13,2,5575814,770,1340.589997055,64,21,420.0,0.0001380964286111409,0.02727272727272727,1.7410259702012987,63.83761890738095,0.3132948932355556,age_gender,skin care,92
2017-08-25,45-49,F,17,2,3154530,858,1184.239999951,32,10,200.0,0.00027198980513737386,0.011655011655011656,1.3802331001759907,118.4239999951,0.16888468554370342,age_gender,fashion,92
2017-08-25,45-49,F,17,2,3154530,858,1184.239999951,32,10,200.0,0.00027198980513737386,0.011655011655011656,1.3802331001759907,118.4239999951,0.16888468554370342,age_gender,fitness,86
2017-08-25,45-49,F,17,2,3154530,858,1184.239999951,32,10,200.0,0.00027198980513737386,0.011655011655011656,1.3802331001759907,118.4239999951,0.16888468554370342,age_gender,grocery,75
2017-08-25,45-49,F,17,2,3154530,858,1184.239999951,32,10,200.0,0.00027198980513737386,0.011655011655011656,1.3802331001759907,118.4239999951,0.16888468554370342,age_gender,skin care,92
2017-08-25,45-49,M,5,1,19198,3,4.00999999,5,2,40.0,0.0001562662777372643,0.6666666666666666,1.3366666633333333,2.004999995,9.975062369015118,age_gender,fashion,92
2017-08-25,45-49,M,5,1,19198,3,4.00999999,5,2,40.0,0.0001562662777372643,0.6666666666666666,1.3366666633333333,2.004999995,9.975062369015118,age_gender,fitness,86
2017-08-25,45-49,M,5,1,19198,3,4.00999999,5,2,40.0,0.0001562662777372643,0.6666666666666666,1.3366666633333333,2.004999995,9.975062369015118,age_gender,grocery,75
2017-08-25,45-49,M,5,1,19198,3,4.00999999,5,2,40.0,0.0001562662777372643,0.6666666666666666,1.3366666633333333,2.004999995,9.975062369015118,age_gender,skin care,92
2017-08-26,30-34,F,2,1,14204,5,6.960000038,2,0,0.0,0.00035201351731906506,0.0,1.3920000076,,0.0,age_gender,fashion,100
2017-08-26,30-34,F,2,1,14204,5,6.960000038,2,0,0.0,0.00035201351731906506,0.0,1.3920000076,,0.0,age_gender,fitness,88
2017-08-26,30-34,F,2,1,14204,5,6.960000038,2,0,0.0,0.00035201351731906506,0.0,1.3920000076,,0.0,age_gender,grocery,86
2017-08-26,30-34,F,2,1,14204,5,6.960000038,2,0,0.0,0.00035201351731906506,0.0,1.3920000076,,0.0,age_gender,skin care,81
2017-08-26,30-34,M,26,2,6359325,765,1284.6799927969998,123,46,920.0,0.00012029578610937482,0.06013071895424837,1.679320252022222,27.92782593036956,0.7161316476930414,age_gender,fashion,100
2017-08-26,30-34,M,26,2,6359325,765,1284.6799927969998,123,46,920.0,0.00012029578610937482,0.06013071895424837,1.679320252022222,27.92782593036956,0.7161316476930414,age_gender,fitness,88
2017-08-26,30-34,M,26,2,6359325,765,1284.6799927969998,123,46,920.0,0.00012029578610937482,0.06013071895424837,1.679320252022222,27.92782593036956,0.7161316476930414,age_gender,grocery,86
2017-08-26,30-34,M,26,2,6359325,765,1284.6799927969998,123,46,920.0,0.00012029578610937482,0.06013071895424837,1.679320252022222,27.92782593036956,0.7161316476930414,age_gender,skin care,81
2017-08-26,40-44,F,12,1,2269039,550,785.33000211,22,4,80.0,0.00024239336564951065,0.007272727272727273,1.4278727311090909,196.3325005275,0.10186800425943045,age_gender,fashion,100
2017-08-26,40-44,F,12,1,2269039,550,785.33000211,22,4,80.0,0.00024239336564951065,0.007272727272727273,1.4278727311090909,196.3325005275,0.10186800425943045,age_gender,fitness,88
2017-08-26,40-44,F,12,1,2269039,550,785.33000211,22,4,80.0,0.00024239336564951065,0.007272727272727273,1.4278727311090909,196.3325005275,0.10186800425943045,age_gender,grocery,86
2017-08-26,40-44,F,12,1,2269039,550,785.33000211,22,4,80.0,0.00024239336564951065,0.007272727272727273,1.4278727311090909,196.3325005275,0.10186800425943045,age_gender,skin care,81
2017-08-26,45-49,F,15,2,2281366,580,866.7600042930001,29,5,100.0,0.00025423364773561106,0.008620689655172414,1.4944138005051726,173.3520008586,0.1153721901157266,age_gender,fashion,100
2017-08-26,45-49,F,15,2,2281366,580,866.7600042930001,29,5,100.0,0.00025423364773561106,0.008620689655172414,1.4944138005051726,173.3520008586,0.1153721901157266,age_gender,fitness,88
2017-08-26,45-49,F,15,2,2281366,580,866.7600042930001,29,5,100.0,0.00025423364773561106,0.008620689655172414,1.4944138005051726,173.3520008586,0.1153721901157266,age_gender,grocery,86
2017-08-26,45-49,F,15,2,2281366,580,866.7600042930001,29,5,100.0,0.00025423364773561106,0.008620689655172414,1.4944138005051726,173.3520008586,0.1153721901157266,age_gender,skin care,81
2017-08-26,45-49,M,13,1,4253515,826,1430.469999163,39,12,240.0,0.00019419233269425405,0.014527845036319613,1.7318038730786924,119.20583326358333,0.16777702443282932,age_gender,fashion,100
2017-08-26,45-49,M,13,1,4253515,826,1430.469999163,39,12,240.0,0.00019419233269425405,0.014527845036319613,1.7318038730786924,119.20583326358333,0.16777702443282932,age_gender,fitness,88
2017-08-26,45-49,M,13,1,4253515,826,1430.469999163,39,12,240.0,0.00019419233269425405,0.014527845036319613,1.7318038730786924,119.20583326358333,0.16777702443282932,age_gender,grocery,86
2017-08-26,45-49,M,13,1,4253515,826,1430.469999163,39,12,240.0,0.00019419233269425405,0.014527845036319613,1.7318038730786924,119.20583326358333,0.16777702443282932,age_gender,skin care,81
2017-08-27,30-34,F,4,1,1062420,163,227.240001077,25,7,140.0,0.00015342331657913067,0.04294478527607362,1.3941104360552146,32.46285729671428,0.616088713855274,age_gender,fashion,92
2017-08-27,30-34,F,4,1,1062420,163,227.240001077,25,7,140.0,0.00015342331657913067,0.04294478527607362,1.3941104360552146,32.46285729671428,0.616088713855274,age_gender,fitness,79
2017-08-27,30-34,F,4,1,1062420,163,227.240001077,25,7,140.0,0.00015342331657913067,0.04294478527607362,1.3941104360552146,32.46285729671428,0.616088713855274,age_gender,grocery,88
2017-08-27,30-34,F,4,1,1062420,163,227.240001077,25,7,140.0,0.00015342331657913067,0.04294478527607362,1.3941104360552146,32.46285729671428,0.616088713855274,age_gender,skin care,80
2017-08-27,30-34,M,10,2,1021273,137,242.359999977,19,10,200.0,0.0001341463056401178,0.072992700729927,1.7690510947226277,24.2359999977,0.8252186830292954,age_gender,fashion,92
2017-08-27,30-34,M,10,2,1021273,137,242.359999977,19,10,200.0,0.0001341463056401178,0.072992700729927,1.7690510947226277,24.2359999977,0.8252186830292954,age_gender,fitness,79
2017-08-27,30-34,M,10,2,1021273,137,242.359999977,19,10,200.0,0.0001341463056401178,0.072992700729927,1.7690510947226277,24.2359999977,0.8252186830292954,age_gender,grocery,88
2017-08-27,30-34,M,10,2,1021273,137,242.359999977,19,10,200.0,0.0001341463056401178,0.072992700729927,1.7690510947226277,24.2359999977,0.8252186830292954,age_gender,skin care,80
2017-08-27,35-39,F,3,1,11155,4,5.620000005,3,1,20.0,0.00035858359480053786,0.25,1.40500000125,5.620000005,3.5587188580438447,age_gender,fashion,92
2017-08-27,35-39,F,3,1,11155,4,5.620000005,3,1,20.0,0.00035858359480053786,0.25,1.40500000125,5.620000005,3.5587188580438447,age_gender,fitness,79
2017-08-27,35-39,F,3,1,11155,4,5.620000005,3,1,20.0,0.00035858359480053786,0.25,1.40500000125,5.620000005,3.5587188580438447,age_gender,grocery,88
2017-08-27,35-39,F,3,1,11155,4,5.620000005,3,1,20.0,0.00035858359480053786,0.25,1.40500000125,5.620000005,3.5587188580438447,age_gender,skin care,80
2017-08-27,35-39,M,8,2,1043457,164,279.8699997,12,5,100.0,0.0001571698690027476,0.03048780487804878,1.7065243884146342,55.97399994,0.3573087508743082,age_gender,fashion,92
2017-08-27,35-39,M,8,2,1043457,164,279.8699997,12,5,100.0,0.0001571698690027476,0.03048780487804878,1.7065243884146342,55.97399994,0.3573087508743082,age_gender,fitness,79
2017-08-27,35-39,M,8,2,1043457,164,279.8699997,12,5,100.0,0.0001571698690027476,0.03048780487804878,1.7065243884146342,55.97399994,0.3573087508743082,age_gender,grocery,88
2017-08-27,35-39,M,8,2,1043457,164,279.8699997,12,5,100.0,0.0001571698690027476,0.03048780487804878,1.7065243884146342,55.97399994,0.3573087508743082,age_gender,skin care,80
2017-08-27,40-44,F,7,2,132059,32,51.499999885,8,1,20.0,0.00024231593454440817,0.03125,1.60937499640625,51.499999885,0.388349515430295,age_gender,fashion,92
2017-08-27,40-44,F,7,2,132059,32,51.499999885,8,1,20.0,0.00024231593454440817,0.03125,1.60937499640625,51.499999885,0.388349515430295,age_gender,fitness,79
2017-08-27,40-44,F,7,2,132059,32,51.499999885,8,1,20.0,0.00024231593454440817,0.03125,1.60937499640625,51.499999885,0.388349515430295,age_gender,grocery,88
2017-08-27,40-44,F,7,2,132059,32,51.499999885,8,1,20.0,0.00024231593454440817,0.03125,1.60937499640625,51.499999885,0.388349515430295,age_gender,skin care,80
2017-08-27,40-44,M,1,1,10090,2,2.650000095,1,1,20.0,0.00019821605550049553,0.5,1.3250000475,2.650000095,7.547169540761846,age_gender,fashion,92
2017-08-27,40-44,M,1,1,10090,2,2.650000095,1,1,20.0,0.00019821605550049553,0.5,1.3250000475,2.650000095,7.547169540761846,age_gender,fitness,79
2017-08-27,40-44,M,1,1,10090,2,2.650000095,1,1,20.0,0.00019821605550049553,0.5,1.3250000475,2.650000095,7.547169540761846,age_gender,grocery,88
2017-08-27,40-44,M,1,1,10090,2,2.650000095,1,1,20.0,0.00019821605550049553,0.5,1.3250000475,2.650000095,7.547169540761846,age_gender,skin care,80
2017-08-27,45-49,F,21,2,6739699,1755,2499.560008604,65,22,440.0,0.0002603973856992723,0.012535612535612535,1.4242507171532763,113.61636402745454,0.17603098084680083,age_gender,fashion,92
2017-08-27,45-49,F,21,2,6739699,1755,2499.560008604,65,22,440.0,0.0002603973856992723,0.012535612535612535,1.4242507171532763,113.61636402745454,0.17603098084680083,age_gender,fitness,79
2017-08-27,45-49,F,21,2,6739699,1755,2499.560008604,65,22,440.0,0.0002603973856992723,0.012535612535612535,1.4242507171532763,113.61636402745454,0.17603098084680083,age_gender,grocery,88
2017-08-27,45-49,F,21,2,6739699,1755,2499.560008604,65,22,440.0,0.0002603973856992723,0.012535612535612535,1.4242507171532763,113.61636402745454,0.17603098084680083,age_gender,skin care,80
2017-08-27,45-49,M,10,1,3236458,546,904.26000158,45,21,420.0,0.0001687029462455561,0.038461538461538464,1.656153849047619,43.060000075238094,0.4644681831178425,age_gender,fashion,92
2017-08-27,45-49,M,10,1,3236458,546,904.26000158,45,21,420.0,0.0001687029462455561,0.038461538461538464,1.656153849047619,43.060000075238094,0.4644681831178425,age_gender,fitness,79
2017-08-27,45-49,M,10,1,3236458,546,904.26000158,45,21,420.0,0.0001687029462455561,0.038461538461538464,1.656153849047619,43.060000075238094,0.4644681831178425,age_gender,grocery,88
2017-08-27,45-49,M,10,1,3236458,546,904.26000158,45,21,420.0,0.0001687029462455561,0.038461538461538464,1.656153849047619,43.060000075238094,0.4644681831178425,age_gender,skin care,80
2017-08-28,30-34,F,22,1,5974601,941,1468.529998232,93,26,520.0,0.00015750005732600387,0.02763018065887354,1.5606057366971307,56.481923008923076,0.3540955926171348,age_gender,fashion,85
2017-08-28,30-34,F,22,1,5974601,941,1468.529998232,93,26,520.0,0.00015750005732600387,0.02763018065887354,1.5606057366971307,56.481923008923076,0.3540955926171348,age_gender,fitness,95
2017-08-28,30-34,F,22,1,5974601,941,1468.529998232,93,26,520.0,0.00015750005732600387,0.02763018065887354,1.5606057366971307,56.481923008923076,0.3540955926171348,age_gender,grocery,77
2017-08-28,30-34,F,22,1,5974601,941,1468.529998232,93,26,520.0,0.00015750005732600387,0.02763018065887354,1.5606057366971307,56.481923008923076,0.3540955926171348,age_gender,skin care,91
2017-08-28,30-34,M,15,2,3881803,440,791.9699976960001,81,35,700.0,0.00011334938944608987,0.07954545454545454,1.7999318129454547,22.627714219885718,0.8838718664045869,age_gender,fashion,85
2017-08-28,30-34,M,15,2,3881803,440,791.9699976960001,81,35,700.0,0.00011334938944608987,0.07954545454545454,1.7999318129454547,22.627714219885718,0.8838718664045869,age_gender,fitness,95
2017-08-28,30-34,M,15,2,3881803,440,791.9699976960001,81,35,700.0,0.00011334938944608987,0.07954545454545454,1.7999318129454547,22.627714219885718,0.8838718664045869,age_gender,grocery,77
2017-08-28,30-34,M,15,2,3881803,440,791.9699976960001,81,35,700.0,0.00011334938944608987,0.07954545454545454,1.7999318129454547,22.627714219885718,0.8838718664045869,age_gender,skin care,91
2017-08-28,35-39,F,1,1,14670,7,9.410000324,1,0,0.0,0.00047716428084526244,0.0,1.3442857605714287,,0.0,age_gender,fashion,85
2017-08-28,35-39,F,1,1,14670,7,9.410000324,1,0,0.0,0.00047716428084526244,0.0,1.3442857605714287,,0.0,age_gender,fitness,95
2017-08-28,35-39,F,1,1,14670,7,9.410000324,1,0,0.0,0.00047716428084526244,0.0,1.3442857605714287,,0.0,age_gender,grocery,77
2017-08-28,35-39,F,1,1,14670,7,9.410000324,1,0,0.0,0.00047716428084526244,0.0,1.3442857605714287,,0.0,age_gender,skin care,91
2017-08-28,35-39,M,17,2,2128886,314,550.849999589,44,10,200.0,0.00014749498094308478,0.03184713375796178,1.7542993617484077,55.084999958900006,0.3630752476159098,age_gender,fashion,85
2017-08-28,35-39,M,17,2,2128886,314,550.849999589,44,10,200.0,0.00014749498094308478,0.03184713375796178,1.7542993617484077,55.084999958900006,0.3630752476159098,age_gender,fitness,95
2017-08-28,35-39,M,17,2,2128886,314,550.849999589,44,10,200.0,0.00014749498094308478,0.03184713375796178,1.7542993617484077,55.084999958900006,0.3630752476159098,age_gender,grocery,77
2017-08-28,35-39,M,17,2,2128886,314,550.849999589,44,10,200.0,0.00014749498094308478,0.03184713375796178,1.7542993617484077,55.084999958900006,0.3630752476159098,age_gender,skin care,91
2017-08-28,40-44,M,2,1,10569,4,4.130000114,2,1,20.0,0.0003784653231147696,0.25,1.0325000285,4.130000114,4.8426148784362955,age_gender,fashion,85
2017-08-28,40-44,M,2,1,10569,4,4.130000114,2,1,20.0,0.0003784653231147696,0.25,1.0325000285,4.130000114,4.8426148784362955,age_gender,fitness,95
2017-08-28,40-44,M,2,1,10569,4,4.130000114,2,1,20.0,0.0003784653231147696,0.25,1.0325000285,4.130000114,4.8426148784362955,age_gender,grocery,77
2017-08-28,40-44,M,2,1,10569,4,4.130000114,2,1,20.0,0.0003784653231147696,0.25,1.0325000285,4.130000114,4.8426148784362955,age_gender,skin care,91
2017-08-28,45-49,F,9,0,7354944,1784,2514.4099993,32,7,140.0,0.00024255793110049511,0.003923766816143498,1.4094226453475336,359.2014284714286,0.05567906587985864,age_gender,fashion,85
2017-08-28,45-49,F,9,0,7354944,1784,2514.4099993,32,7,140.0,0.00024255793110049511,0.003923766816143498,1.4094226453475336,359.2014284714286,0.05567906587985864,age_gender,fitness,95
2017-08-28,45-49,F,9,0,7354944,1784,2514.4099993,32,7,140.0,0.00024255793110049511,0.003923766816143498,1.4094226453475336,359.2014284714286,0.05567906587985864,age_gender,grocery,77
2017-08-28,45-49,F,9,0,7354944,1784,2514.4099993,32,7,140.0,0.00024255793110049511,0.003923766816143498,1.4094226453475336,359.2014284714286,0.05567906587985864,age_gender,skin care,91
2017-08-28,45-49,M,3,1,12136,3,4.090000033,4,0,0.0,0.00024719841793012525,0.0,1.3633333443333333,,0.0,age_gender,fashion,85
2017-08-28,45-49,M,3,1,12136,3,4.090000033,4,0,0.0,0.00024719841793012525,0.0,1.3633333443333333,,0.0,age_gender,fitness,95
2017-08-28,45-49,M,3,1,12136,3,4.090000033,4,0,0.0,0.00024719841793012525,0.0,1.3633333443333333,,0.0,age_gender,grocery,77
2017-08-28,45-49,M,3,1,12136,3,4.090000033,4,0,0.0,0.00024719841793012525,0.0,1.3633333443333333,,0.0,age_gender,skin care,91
2017-08-29,30-34,F,9,2,2244697,286,437.16999689600004,32,8,160.0,0.00012741140563737557,0.027972027972027972,1.528566422713287,54.646249612000005,0.36599034960320703,age_gender,fashion,89
2017-08-29,30-34,F,9,2,2244697,286,437.16999689600004,32,8,160.0,0.00012741140563737557,0.027972027972027972,1.528566422713287,54.646249612000005,0.36599034960320703,age_gender,fitness,97
2017-08-29,30-34,F,9,2,2244697,286,437.16999689600004,32,8,160.0,0.00012741140563737557,0.027972027972027972,1.528566422713287,54.646249612000005,0.36599034960320703,age_gender,grocery,73
2017-08-29,30-34,F,9,2,2244697,286,437.16999689600004,32,8,160.0,0.00012741140563737557,0.027972027972027972,1.528566422713287,54.646249612000005,0.36599034960320703,age_gender,skin care,91
2017-08-29,30-34,M,9,3,4374568,465,879.259996781,91,28,560.0,0.00010629621027722052,0.060215053763440864,1.8908817135075269,31.402142742178572,0.6368992130316158,age_gender,fashion,89
2017-08-29,30-34,M,9,3,4374568,465,879.259996781,91,28,560.0,0.00010629621027722052,0.060215053763440864,1.8908817135075269,31.402142742178572,0.6368992130316158,age_gender,fitness,97
2017-08-29,30-34,M,9,3,4374568,465,879.259996781,91,28,560.0,0.00010629621027722052,0.060215053763440864,1.8908817135075269,31.402142742178572,0.6368992130316158,age_gender,grocery,73
2017-08-29,30-34,M,9,3,4374568,465,879.259996781,91,28,560.0,0.00010629621027722052,0.060215053763440864,1.8908817135075269,31.402142742178572,0.6368992130316158,age_gender,skin care,91
2017-08-29,35-39,F,10,1,759079,185,253.119999661,19,5,100.0,0.00024371639842493337,0.02702702702702703,1.368216214383784,50.6239999322,0.3950695327667848,age_gender,fashion,89
2017-08-29,35-39,F,10,1,759079,185,253.119999661,19,5,100.0,0.00024371639842493337,0.02702702702702703,1.368216214383784,50.6239999322,0.3950695327667848,age_gender,fitness,97
2017-08-29,35-39,F,10,1,759079,185,253.119999661,19,5,100.0,0.00024371639842493337,0.02702702702702703,1.368216214383784,50.6239999322,0.3950695327667848,age_gender,grocery,73
2017-08-29,35-39,F,10,1,759079,185,253.119999661,19,5,100.0,0.00024371639842493337,0.02702702702702703,1.368216214383784,50.6239999322,0.3950695327667848,age_gender,skin care,91
2017-08-29,35-39,M,22,2,3753320,526,909.090006226,56,16,320.0,0.0001401425937569938,0.030418250950570342,1.7283079966273764,56.818125389125,0.35200034958964,age_gender,fashion,89
2017-08-29,35-39,M,22,2,3753320,526,909.090006226,56,16,320.0,0.0001401425937569938,0.030418250950570342,1.7283079966273764,56.818125389125,0.35200034958964,age_gender,fitness,97
2017-08-29,35-39,M,22,2,3753320,526,909.090006226,56,16,320.0,0.0001401425937569938,0.030418250950570342,1.7283079966273764,56.818125389125,0.35200034958964,age_gender,grocery,73
2017-08-29,35-39,M,22,2,3753320,526,909.090006226,56,16,320.0,0.0001401425937569938,0.030418250950570342,1.7283079966273764,56.818125389125,0.35200034958964,age_gender,skin care,91
2017-08-29,40-44,F,6,1,817634,195,267.159999136,10,2,40.0,0.00023849301765826764,0.010256410256410256,1.370051277620513,133.579999568,0.1497230129112168,age_gender,fashion,89
2017-08-29,40-44,F,6,1,817634,195,267.159999136,10,2,40.0,0.00023849301765826764,0.010256410256410256,1.370051277620513,133.579999568,0.1497230129112168,age_gender,fitness,97
2017-08-29,40-44,F,6,1,817634,195,267.159999136,10,2,40.0,0.00023849301765826764,0.010256410256410256,1.370051277620513,133.579999568,0.1497230129112168,age_gender,grocery,73
2017-08-29,40-44,F,6,1,817634,195,267.159999136,10,2,40.0,0.00023849301765826764,0.010256410256410256,1.370051277620513,133.579999568,0.1497230129112168,age_gender,skin care,91
2017-08-29,40-44,M,2,1,12123,2,1.320000052,3,0,0.0,0.00016497566608925183,0.0,0.660000026,,0.0,age_gender,fashion,89
2017-08-29,40-44,M,2,1,12123,2,1.320000052,3,0,0.0,0.00016497566608925183,0.0,0.660000026,,0.0,age_gender,fitness,97
2017-08-29,40-44,M,2,1,12123,2,1.320000052,3,0,0.0,0.00016497566608925183,0.0,0.660000026,,0.0,age_gender,grocery,73
2017-08-29,40-44,M,2,1,12123,2,1.320000052,3,0,0.0,0.00016497566608925183,0.0,0.660000026,,0.0,age_gender,skin care,91
2017-08-29,45-49,F,2,1,701391,165,227.54000139000001,4,1,20.0,0.0002352468166828488,0.006060606060606061,1.3790303114545455,227.54000139000001,0.08789663302199033,age_gender,fashion,89
2017-08-29,45-49,F,2,1,701391,165,227.54000139000001,4,1,20.0,0.0002352468166828488,0.006060606060606061,1.3790303114545455,227.54000139000001,0.08789663302199033,age_gender,fitness,97
2017-08-29,45-49,F,2,1,701391,165,227.54000139000001,4,1,20.0,0.0002352468166828488,0.006060606060606061,1.3790303114545455,227.54000139000001,0.08789663302199033,age_gender,grocery,73
2017-08-29,45-49,F,2,1,701391,165,227.54000139000001,4,1,20.0,0.0002352468166828488,0.006060606060606061,1.3790303114545455,227.54000139000001,0.08789663302199033,age_gender,skin care,91
2017-08-29,45-49,M,10,1,2302750,422,707.219994048,28,10,200.0,0.00018325914667245686,0.023696682464454975,1.6758767631469194,70.7219994048,0.2827974345793534,age_gender,fashion,89
2017-08-29,45-49,M,10,1,2302750,422,707.219994048,28,10,200.0,0.00018325914667245686,0.023696682464454975,1.6758767631469194,70.7219994048,0.2827974345793534,age_gender,fitness,97
2017-08-29,45-49,M,10,1,2302750,422,707.219994048,28,10,200.0,0.00018325914667245686,0.023696682464454975,1.6758767631469194,70.7219994048,0.2827974345793534,age_gender,grocery,73
2017-08-29,45-49,M,10,1,2302750,422,707.219994048,28,10,200.0,0.00018325914667245686,0.023696682464454975,1.6758767631469194,70.7219994048,0.2827974345793534,age_gender,skin care,91
2017-08-30,30-34,F,2,0,263515,49,74.00000071,7,1,20.0,0.00018594766901314916,0.02040816326530612,1.5102040961224488,74.00000071,0.27027026767713663,age_gender,fashion,89
2017-08-30,30-34,F,2,0,263515,49,74.00000071,7,1,20.0,0.00018594766901314916,0.02040816326530612,1.5102040961224488,74.00000071,0.27027026767713663,age_gender,fitness,93
2017-08-30,30-34,F,2,0,263515,49,74.00000071,7,1,20.0,0.00018594766901314916,0.02040816326530612,1.5102040961224488,74.00000071,0.27027026767713663,age_gender,grocery,68
2017-08-30,30-34,F,2,0,263515,49,74.00000071,7,1,20.0,0.00018594766901314916,0.02040816326530612,1.5102040961224488,74.00000071,0.27027026767713663,age_gender,skin care,98
2017-08-30,30-34,M,16,3,766076,116,183.9299997,23,10,200.0,0.0001514210078373425,0.08620689655172414,1.585603445689655,18.392999969999998,1.087370196956511,age_gender,fashion,89
2017-08-30,30-34,M,16,3,766076,116,183.9299997,23,10,200.0,0.0001514210078373425,0.08620689655172414,1.585603445689655,18.392999969999998,1.087370196956511,age_gender,fitness,93
2017-08-30,30-34,M,16,3,766076,116,183.9299997,23,10,200.0,0.0001514210078373425,0.08620689655172414,1.585603445689655,18.392999969999998,1.087370196956511,age_gender,grocery,68
2017-08-30,30-34,M,16,3,766076,116,183.9299997,23,10,200.0,0.0001514210078373425,0.08620689655172414,1.585603445689655,18.392999969999998,1.087370196956511,age_gender,skin care,98
2017-08-30,35-39,F,12,1,3042044,603,898.090006313,42,15,300.0,0.00019822198495485273,0.024875621890547265,1.489369828048093,59.87266708753334,0.3340422428611735,age_gender,fashion,89
2017-08-30,35-39,F,12,1,3042044,603,898.090006313,42,15,300.0,0.00019822198495485273,0.024875621890547265,1.489369828048093,59.87266708753334,0.3340422428611735,age_gender,fitness,93
2017-08-30,35-39,F,12,1,3042044,603,898.090006313,42,15,300.0,0.00019822198495485273,0.024875621890547265,1.489369828048093,59.87266708753334,0.3340422428611735,age_gender,grocery,68
2017-08-30,35-39,F,12,1,3042044,603,898.090006313,42,15,300.0,0.00019822198495485273,0.024875621890547265,1.489369828048093,59.87266708753334,0.3340422428611735,age_gender,skin care,98
2017-08-30,35-39,M,14,3,4024661,625,1083.7299987640001,44,16,320.0,0.00015529258240631945,0.0256,1.7339679980224003,67.73312492275001,0.2952764990956804,age_gender,fashion,89
2017-08-30,35-39,M,14,3,4024661,625,1083.7299987640001,44,16,320.0,0.00015529258240631945,0.0256,1.7339679980224003,67.73312492275001,0.2952764990956804,age_gender,fitness,93
2017-08-30,35-39,M,14,3,4024661,625,1083.7299987640001,44,16,320.0,0.00015529258240631945,0.0256,1.7339679980224003,67.73312492275001,0.2952764990956804,age_gender,grocery,68
2017-08-30,35-39,M,14,3,4024661,625,1083.7299987640001,44,16,320.0,0.00015529258240631945,0.0256,1.7339679980224003,67.73312492275001,0.2952764990956804,age_gender,skin care,98
2017-08-30,40-44,F,3,0,1764547,419,584.81999744,19,7,140.0,0.00023745471217258594,0.016706443914081145,1.3957517838663482,83.54571392,0.23938989879422412,age_gender,fashion,89
2017-08-30,40-44,F,3,0,1764547,419,584.81999744,19,7,140.0,0.00023745471217258594,0.016706443914081145,1.3957517838663482,83.54571392,0.23938989879422412,age_gender,fitness,93
2017-08-30,40-44,F,3,0,1764547,419,584.81999744,19,7,140.0,0.00023745471217258594,0.016706443914081145,1.3957517838663482,83.54571392,0.23938989879422412,age_gender,grocery,68
2017-08-30,40-44,F,3,0,1764547,419,584.81999744,19,7,140.0,0.00023745471217258594,0.016706443914081145,1.3957517838663482,83.54571392,0.23938989879422412,age_gender,skin care,98
2017-08-30,40-44,M,2,1,28780,8,13.109999775,2,1,20.0,0.0002779708130646282,0.125,1.638749971875,13.109999775,1.525553039149461,age_gender,fashion,89
2017-08-30,40-44,M,2,1,28780,8,13.109999775,2,1,20.0,0.0002779708130646282,0.125,1.638749971875,13.109999775,1.525553039149461,age_gender,fitness,93
2017-08-30,40-44,M,2,1,28780,8,13.109999775,2,1,20.0,0.0002779708130646282,0.125,1.638749971875,13.109999775,1.525553039149461,age_gender,grocery,68
2017-08-30,40-44,M,2,1,28780,8,13.109999775,2,1,20.0,0.0002779708130646282,0.125,1.638749971875,13.109999775,1.525553039149461,age_gender,skin care,98
2017-08-30,45-49,M,17,1,7612284,1189,2002.410003535,57,22,440.0,0.0001561949081248151,0.018502943650126155,1.6841127027207738,91.01863652431818,0.2197352186731169,age_gender,fashion,89
2017-08-30,45-49,M,17,1,7612284,1189,2002.410003535,57,22,440.0,0.0001561949081248151,0.018502943650126155,1.6841127027207738,91.01863652431818,0.2197352186731169,age_gender,fitness,93
2017-08-30,45-49,M,17,1,7612284,1189,2002.410003535,57,22,440.0,0.0001561949081248151,0.018502943650126155,1.6841127027207738,91.01863652431818,0.2197352186731169,age_gender,grocery,68
2017-08-30,45-49,M,17,1,7612284,1189,2002.410003535,57,22,440.0,0.0001561949081248151,0.018502943650126155,1.6841127027207738,91.01863652431818,0.2197352186731169,age_gender,skin care,98
